exp,cate_var_in,cate_var_out,y_var_in,TARNet_in,PairNet_in,TARNet_out,PairNet_out
1,0.749882163527453,0.6312941356761179,4.746649531276224,0.47042185,0.37817726,0.4812883,0.38710392
